                  epoch,         train/box_loss,         train/cls_loss,         train/dfl_loss,   metrics/precision(B),      metrics/recall(B),       metrics/mAP50(B),    metrics/mAP50-95(B),           val/box_loss,           val/cls_loss,           val/dfl_loss,                 lr/pg0,                 lr/pg1,                 lr/pg2
                      0,                 4.3514,                 5.7677,                 4.3619,                      0,                      0,                      0,                      0,                  5.667,                 5.4229,                 4.2267,             0.00021806,             0.00021806,             0.00021806
                      1,                 2.6213,                 3.0758,                 2.6811,                      0,                      0,                      0,                      0,                  5.685,                 5.5948,                 4.2429,             0.00043865,             0.00043865,             0.00043865
                      2,                 2.0344,                 2.4607,                 2.0622,                0.76271,                0.32271,                0.54479,                0.29526,                 1.8104,                 2.2334,                 2.0729,             0.00065748,             0.00065748,             0.00065748
                      3,                 1.8529,                  2.087,                 1.7819,                0.69647,                 0.5271,                0.61272,                0.35477,                 1.6594,                 1.5259,                 1.7518,             0.00065908,             0.00065908,             0.00065908
                      4,                 1.6385,                 1.8163,                 1.6043,                0.78679,                0.44724,                0.65685,                0.36765,                 1.5654,                 1.9535,                 1.6989,             0.00065908,             0.00065908,             0.00065908
                      5,                 1.4733,                 1.6178,                 1.4639,                0.68808,                0.63935,                0.70546,                0.45765,                 1.3441,                 1.2748,                 1.4493,             0.00065643,             0.00065643,             0.00065643
                      6,                 1.3844,                  1.564,                 1.3704,                0.63224,                0.71457,                0.72756,                0.47901,                 1.3719,                 1.5137,                 1.3758,             0.00065379,             0.00065379,             0.00065379
                      7,                 1.3214,                 1.4529,                 1.3174,                0.73161,                0.72492,                0.78769,                0.53572,                 1.1642,                 1.1491,                 1.2288,             0.00065115,             0.00065115,             0.00065115
                      8,                 1.3243,                 1.3421,                 1.2749,                0.67667,                0.69574,                0.74626,                0.50505,                 1.2368,                 1.2277,                 1.2464,             0.00064851,             0.00064851,             0.00064851
                      9,                 1.2698,                 1.3062,                 1.2633,                0.65829,                0.71065,                0.79591,                0.53985,                 1.1588,                 1.3651,                 1.2253,             0.00064587,             0.00064587,             0.00064587
                     10,                 1.2138,                 1.2001,                  1.227,                 0.7633,                0.74317,                0.83226,                0.59436,                 1.0972,                 1.2245,                 1.1842,             0.00064323,             0.00064323,             0.00064323
                     11,                  1.195,                 1.1467,                 1.1831,                0.75425,                0.78081,                0.85706,                0.61822,                 1.0839,                0.95328,                 1.1312,             0.00064059,             0.00064059,             0.00064059
                     12,                 1.2481,                 1.1462,                 1.2006,                0.80167,                0.76583,                 0.8429,                0.58957,                  1.133,                0.96701,                 1.1499,             0.00063795,             0.00063795,             0.00063795
                     13,                 1.1448,                 1.0797,                 1.1501,                0.86307,                0.81392,                0.88503,                0.63907,                 1.0056,                0.86835,                 1.0994,              0.0006353,              0.0006353,              0.0006353
                     14,                 1.1153,                 1.0157,                 1.1432,                0.85362,                0.82854,                0.88184,                 0.6548,                 1.0181,                0.92166,                 1.1172,             0.00063266,             0.00063266,             0.00063266
                     15,                 1.1117,                0.97668,                 1.1168,                0.81601,                0.79637,                0.87303,                0.64499,                 1.0157,                0.89697,                 1.0997,             0.00063002,             0.00063002,             0.00063002
                     16,                 1.1128,                0.99937,                 1.1092,                 0.8452,                0.82164,                0.88667,                0.64667,                 1.0265,                0.88847,                 1.0898,             0.00062738,             0.00062738,             0.00062738
                     17,                 1.0727,                0.96133,                 1.1145,                0.80894,                0.81025,                 0.8955,                0.63228,                 1.0703,                0.90559,                 1.1272,             0.00062474,             0.00062474,             0.00062474
                     18,                 1.0874,                0.92565,                 1.1041,                0.84915,                0.83549,                0.90199,                0.66084,                 1.0199,                0.82967,                   1.09,              0.0006221,              0.0006221,              0.0006221
                     19,                 1.0501,                0.89473,                 1.0906,                0.86176,                 0.8058,                0.90683,                0.67534,                0.95949,                0.84181,                 1.0535,             0.00061946,             0.00061946,             0.00061946
                     20,                 1.0744,                0.90993,                 1.1004,                0.77733,                0.78507,                0.87996,                0.64848,                0.98069,                0.92858,                 1.0739,             0.00061681,             0.00061681,             0.00061681
                     21,                 1.0338,                0.87167,                 1.0746,                0.84493,                0.87969,                0.91355,                0.68243,                0.90922,                0.76219,                 1.0369,             0.00061417,             0.00061417,             0.00061417
                     22,                 1.0099,                0.83877,                 1.0539,                0.85586,                0.86511,                0.92942,                0.71032,                0.89811,                0.76103,                 1.0258,             0.00061153,             0.00061153,             0.00061153
                     23,                 1.0468,                0.86339,                 1.0792,                 0.8051,                0.84992,                0.91597,                0.69694,                0.89447,                0.80161,                  1.025,             0.00060889,             0.00060889,             0.00060889
                     24,                 1.0231,                  0.845,                 1.0654,                0.82741,                0.90167,                0.93191,                 0.6969,                0.92823,                0.73711,                 1.0249,             0.00060625,             0.00060625,             0.00060625
                     25,                0.98746,                 0.8142,                 1.0482,                0.84801,                0.87933,                0.93554,                0.68969,                0.92181,                0.74697,                 1.0308,             0.00060361,             0.00060361,             0.00060361
                     26,                 0.9836,                0.78136,                 1.0528,                0.88323,                0.88488,                0.94417,                0.72926,                0.85841,                0.64615,                 1.0037,             0.00060097,             0.00060097,             0.00060097
                     27,                0.97664,                0.79443,                 1.0391,                0.84454,                0.87708,                0.93127,                 0.6966,                0.91834,                0.76067,                 1.0312,             0.00059833,             0.00059833,             0.00059833
                     28,                0.97248,                0.81572,                 1.0415,                0.86098,                0.86446,                0.93173,                0.71579,                0.90611,                0.69583,                 1.0083,             0.00059568,             0.00059568,             0.00059568
                     29,                0.97993,                0.77214,                 1.0373,                0.90277,                0.88417,                0.93407,                0.73527,                0.86778,                0.65017,                 1.0065,             0.00059304,             0.00059304,             0.00059304
                     30,                0.97425,                0.75544,                 1.0326,                0.83742,                0.87395,                0.90338,                0.67948,                 1.0235,                0.74205,                 1.0579,              0.0005904,              0.0005904,              0.0005904
                     31,                0.96759,                0.73477,                 1.0182,                0.87183,                0.90989,                0.93968,                0.72859,                0.87387,                0.63718,                 1.0017,             0.00058776,             0.00058776,             0.00058776
                     32,                0.95621,                 0.7272,                 1.0198,                 0.9052,                0.90674,                0.94013,                0.72064,                0.89962,                0.64862,                 1.0024,             0.00058512,             0.00058512,             0.00058512
                     33,                 0.9599,                0.74362,                  1.031,                0.88812,                 0.9023,                0.93584,                 0.7315,                 0.8784,                0.65673,                0.99817,             0.00058248,             0.00058248,             0.00058248
                     34,                0.95232,                0.73089,                 1.0101,                 0.8639,                0.88592,                0.93434,                0.72703,                0.90645,                 0.6705,                0.99229,             0.00057984,             0.00057984,             0.00057984
                     35,                0.96169,                0.74625,                 1.0215,                0.86727,                0.90511,                0.94787,                0.73642,                0.85311,                0.63427,                0.99677,              0.0005772,              0.0005772,              0.0005772
                     36,                0.94279,                0.72271,                 1.0198,                0.89227,                 0.9053,                0.94722,                0.73479,                0.88225,                0.62211,                0.99629,             0.00057455,             0.00057455,             0.00057455
                     37,                0.92295,                0.71477,                 1.0193,                0.91542,                0.86161,                0.93564,                0.72878,                0.85281,                0.65736,                0.99154,             0.00057191,             0.00057191,             0.00057191
                     38,                0.92922,                0.71603,                 1.0138,                0.84816,                0.93727,                0.94655,                0.73722,                  0.833,                0.59978,                 1.0025,             0.00056927,             0.00056927,             0.00056927
                     39,                0.91979,                0.70437,                 1.0081,                0.84833,                0.91135,                0.94212,                  0.739,                0.82205,                0.63348,                0.97637,             0.00056663,             0.00056663,             0.00056663
                     40,                0.93635,                 0.6986,                 1.0126,                0.88186,                0.91742,                0.94237,                0.73926,                0.84391,                0.61146,                0.97759,             0.00056399,             0.00056399,             0.00056399
                     41,                0.90737,                0.68793,                0.99452,                0.82784,                0.84803,                0.92486,                0.71774,                0.85823,                0.74896,                0.99072,             0.00056135,             0.00056135,             0.00056135
                     42,                0.91974,                0.69377,                 1.0075,                 0.8659,                0.89852,                 0.9427,                0.72658,                0.86754,                0.62927,                0.97636,             0.00055871,             0.00055871,             0.00055871
                     43,                0.92709,                 0.7006,                 1.0179,                0.91825,                0.90707,                0.94027,                0.74567,                0.80572,                0.59503,                0.97482,             0.00055606,             0.00055606,             0.00055606
                     44,                0.89059,                 0.6507,                0.99032,                0.89871,                0.92568,                0.95883,                 0.7359,                0.86454,                0.60239,                0.97198,             0.00055342,             0.00055342,             0.00055342
                     45,                0.89698,                0.65632,                 1.0033,                0.90957,                0.90717,                0.94649,                0.74547,                0.83119,                 0.5628,                0.96767,             0.00055078,             0.00055078,             0.00055078
                     46,                0.89972,                0.65541,                0.99118,                0.89244,                 0.9293,                0.94153,                0.73838,                0.81431,                0.59683,                0.97109,             0.00054814,             0.00054814,             0.00054814
                     47,                0.90471,                0.65007,                0.99554,                 0.9067,                0.92079,                0.95026,                0.76179,                0.78181,                0.56505,                0.95994,              0.0005455,              0.0005455,              0.0005455
                     48,                0.87356,                 0.6359,                 0.9869,                0.91096,                0.93746,                0.95557,                0.74504,                0.86078,                0.57883,                0.97334,             0.00054286,             0.00054286,             0.00054286
                     49,                0.91797,                0.67019,                0.99586,                0.88562,                0.91706,                0.93871,                0.75585,                0.80452,                0.57014,                0.95511,             0.00054022,             0.00054022,             0.00054022
                     50,                0.89612,                0.62398,                0.98327,                0.89027,                 0.8955,                0.93638,                0.75791,                0.80622,                0.58036,                0.96583,             0.00053758,             0.00053758,             0.00053758
                     51,                0.88712,                 0.6337,                0.97933,                0.93105,                0.87238,                0.94876,                0.75418,                0.81558,                0.58756,                0.97555,             0.00053493,             0.00053493,             0.00053493
                     52,                0.89036,                  0.622,                 0.9882,                0.88206,                0.91445,                0.94534,                0.75069,                0.82247,                0.60712,                0.95751,             0.00053229,             0.00053229,             0.00053229
                     53,                 0.8758,                0.63612,                0.98296,                0.89725,                0.89025,                0.93705,                0.70474,                0.89854,                0.61135,                 0.9992,             0.00052965,             0.00052965,             0.00052965
                     54,                0.89222,                0.65659,                0.99025,                0.86754,                0.91754,                0.95076,                0.76236,                0.80013,                0.56723,                0.95202,             0.00052701,             0.00052701,             0.00052701
                     55,                0.85545,                0.62669,                0.97301,                0.90684,                0.92731,                0.95742,                0.76188,                0.77643,                0.57846,                0.94693,             0.00052437,             0.00052437,             0.00052437
                     56,                 0.8872,                0.62513,                0.98401,                0.86519,                0.89712,                0.93892,                 0.7445,                0.85064,                0.56679,                0.97389,             0.00052173,             0.00052173,             0.00052173
                     57,                0.85108,                0.60843,                0.96793,                0.90291,                0.93795,                0.96225,                0.77785,                0.78019,                0.52776,                0.94534,             0.00051909,             0.00051909,             0.00051909
                     58,                0.85181,                0.60314,                0.96652,                0.90879,                0.93241,                0.95599,                0.77519,                0.79146,                0.54164,                  0.948,             0.00051644,             0.00051644,             0.00051644
                     59,                0.90021,                 0.6096,                0.99362,                0.92808,                0.89035,                0.95448,                0.75284,                0.84568,                0.57026,                0.96626,              0.0005138,              0.0005138,              0.0005138
                     60,                0.85999,                0.62589,                0.97723,                0.88279,                 0.9178,                0.95591,                0.76999,                0.78862,                0.56166,                0.94972,             0.00051116,             0.00051116,             0.00051116
                     61,                0.85774,                0.60922,                0.97518,                0.89335,                0.93737,                0.95536,                0.77094,                0.78238,                0.53228,                0.94707,             0.00050852,             0.00050852,             0.00050852
                     62,                0.87659,                0.61983,                0.97704,                0.92177,                0.90087,                0.95635,                0.76463,                0.79147,                0.54549,                0.95583,             0.00050588,             0.00050588,             0.00050588
                     63,                0.88588,                0.61413,                 0.9837,                0.91066,                0.93628,                0.95993,                0.76523,                0.80459,                0.53719,                0.94983,             0.00050324,             0.00050324,             0.00050324
                     64,                0.84448,                0.57946,                0.95392,                0.91235,                0.94623,                0.96106,                0.76943,                0.78585,                0.51157,                0.94691,              0.0005006,              0.0005006,              0.0005006
                     65,                0.86984,                0.59484,                0.97537,                0.84087,                0.91968,                 0.9466,                0.75416,                0.83192,                0.55117,                0.97422,             0.00049796,             0.00049796,             0.00049796
                     66,                0.86796,                0.61064,                0.97696,                0.90528,                0.94494,                0.96156,                0.77287,                0.78544,                0.52562,                0.94341,             0.00049531,             0.00049531,             0.00049531
                     67,                0.85115,                0.59431,                0.97415,                0.92038,                0.93986,                0.96319,                0.77616,                0.80805,                0.51431,                0.94734,             0.00049267,             0.00049267,             0.00049267
                     68,                0.84371,                 0.5779,                0.96242,                0.91162,                0.91255,                0.95115,                0.75996,                0.77799,                0.52169,                0.94295,             0.00049003,             0.00049003,             0.00049003
                     69,                0.82039,                0.56592,                0.96043,                0.88793,                0.93762,                0.95838,                0.77322,                0.77607,                0.53723,                0.94677,             0.00048739,             0.00048739,             0.00048739
                     70,                0.82945,                0.57476,                0.95961,                0.90171,                0.91608,                  0.947,                0.77233,                0.79817,                  0.498,                0.93611,             0.00048475,             0.00048475,             0.00048475
                     71,                0.85813,                0.57902,                0.97045,                0.89932,                0.90583,                0.94077,                0.75875,                0.80989,                0.54855,                0.95986,             0.00048211,             0.00048211,             0.00048211
                     72,                0.84724,                0.56724,                 0.9698,                 0.8995,                0.95329,                0.97152,                0.78157,                0.77862,                0.49894,                0.93987,             0.00047947,             0.00047947,             0.00047947
                     73,                0.83463,                0.57918,                0.95696,                 0.8894,                0.93352,                0.96238,                0.77641,                0.78926,                0.51735,                0.93485,             0.00047682,             0.00047682,             0.00047682
                     74,                0.81222,                0.55916,                0.95422,                0.91484,                0.93497,                0.96042,                0.77585,                0.80204,                0.50562,                0.94627,             0.00047418,             0.00047418,             0.00047418
                     75,                0.82864,                0.57249,                0.97159,                0.87505,                0.91906,                0.95841,                0.77457,                0.78921,                0.53508,                0.94499,             0.00047154,             0.00047154,             0.00047154
                     76,                0.82642,                0.57036,                0.95278,                0.93987,                0.93935,                0.96646,                0.78175,                 0.7655,                0.51334,                0.93785,              0.0004689,              0.0004689,              0.0004689
                     77,                0.82997,                0.56316,                0.96502,                0.95381,                0.92956,                0.97202,                0.79273,                0.77191,                0.48905,                0.93304,             0.00046626,             0.00046626,             0.00046626
                     78,                0.84388,                0.56096,                0.95979,                0.93345,                0.94829,                0.97302,                0.78591,                0.76128,                0.47988,                0.92837,             0.00046362,             0.00046362,             0.00046362
                     79,                 0.8221,                0.55446,                0.95785,                0.88609,                0.92216,                0.94797,                0.77916,                0.77239,                0.50033,                0.94507,             0.00046098,             0.00046098,             0.00046098
                     80,                0.83471,                0.56841,                0.97177,                0.92392,                0.89635,                0.95524,                0.78305,                0.75738,                 0.4982,                0.93707,             0.00045834,             0.00045834,             0.00045834
                     81,                 0.8256,                0.55647,                0.96207,                0.92411,                0.93995,                0.96014,                0.76929,                  0.785,                0.49191,                0.94698,             0.00045569,             0.00045569,             0.00045569
                     82,                0.85423,                 0.5737,                0.97388,                0.93442,                0.94034,                0.96649,                0.78569,                0.76758,                0.50203,                0.93122,             0.00045305,             0.00045305,             0.00045305
                     83,                0.82261,                0.55529,                0.95771,                0.93548,                0.92446,                0.96555,                 0.7787,                0.76934,                0.49942,                0.94089,             0.00045041,             0.00045041,             0.00045041
                     84,                0.83025,                0.55658,                0.97115,                0.93922,                0.94407,                0.97185,                0.78116,                 0.7857,                0.48419,                0.93602,             0.00044777,             0.00044777,             0.00044777
                     85,                0.81131,                0.53847,                 0.9538,                 0.9179,                0.91834,                0.95165,                0.78029,                0.78519,                0.49871,                0.93541,             0.00044513,             0.00044513,             0.00044513
                     86,                0.82403,                0.55413,                 0.9602,                0.87047,                0.91468,                0.94874,                 0.7702,                0.79275,                0.53133,                0.94213,             0.00044249,             0.00044249,             0.00044249
                     87,                0.80651,                0.54086,                0.95393,                0.91528,                0.94178,                0.96124,                0.78999,                0.73506,                 0.4753,                0.92531,             0.00043985,             0.00043985,             0.00043985
                     88,                 0.8039,                0.52894,                0.94802,                0.93164,                0.92679,                 0.9669,                0.78341,                0.77407,                0.49042,                0.93671,             0.00043721,             0.00043721,             0.00043721
                     89,                0.77831,                0.51941,                 0.9459,                 0.9315,                0.95181,                0.97268,                 0.7755,                0.79241,                0.47932,                0.92892,             0.00043456,             0.00043456,             0.00043456
                     90,                0.80787,                0.54459,                0.94882,                0.87947,                0.90107,                0.94792,                0.77437,                0.76433,                0.49635,                0.93804,             0.00043192,             0.00043192,             0.00043192
                     91,                0.81064,                0.54395,                0.96431,                0.89107,                0.95229,                0.97445,                0.79073,                0.74421,                0.48795,                0.92615,             0.00042928,             0.00042928,             0.00042928
                     92,                0.80812,                0.53831,                0.94868,                 0.9045,                0.95623,                0.96953,                0.79106,                0.74455,                0.49028,                0.92863,             0.00042664,             0.00042664,             0.00042664
                     93,                0.81145,                0.54099,                0.95385,                0.90828,                0.94883,                0.97009,                 0.7785,                 0.7765,                0.48744,                0.93174,               0.000424,               0.000424,               0.000424
                     94,                0.83703,                0.54149,                0.95877,                 0.8748,                0.91742,                0.94039,                0.76266,                0.78475,                0.49119,                0.94391,             0.00042136,             0.00042136,             0.00042136
                     95,                0.78554,                0.52251,                0.93812,                 0.9223,                0.95948,                0.96921,                 0.7858,                0.76291,                0.46211,                0.92969,             0.00041872,             0.00041872,             0.00041872
                     96,                 0.8048,                0.52485,                0.95196,                0.93101,                0.94929,                0.97067,                0.78182,                0.77311,                0.47517,                0.92767,             0.00041607,             0.00041607,             0.00041607
                     97,                 0.7946,                0.50778,                0.94647,                0.88148,                0.92684,                0.95103,                0.77856,                0.76947,                0.46267,                0.94092,             0.00041343,             0.00041343,             0.00041343
                     98,                0.80457,                0.52954,                0.95825,                0.94899,                0.93506,                0.96662,                0.79154,                0.75536,                 0.4674,                0.92489,             0.00041079,             0.00041079,             0.00041079
                     99,                0.80404,                0.52712,                0.94991,                0.88894,                0.92109,                0.94968,                0.77596,                0.80348,                0.48752,                0.94804,             0.00040815,             0.00040815,             0.00040815
                    100,                 0.7712,                0.50225,                0.93876,                0.92884,                0.95287,                0.97478,                  0.788,                 0.7576,                0.45271,                0.92426,             0.00040551,             0.00040551,             0.00040551
                    101,                0.77797,                0.50832,                0.93686,                0.94772,                 0.9497,                 0.9693,                0.76281,                0.83948,                0.49167,                 0.9437,             0.00040287,             0.00040287,             0.00040287
                    102,                0.80151,                0.52571,                0.94669,                 0.9302,                0.94386,                0.96984,                0.80082,                0.75201,                0.46138,                 0.9242,             0.00040023,             0.00040023,             0.00040023
                    103,                0.79136,                0.51504,                0.93364,                0.93191,                0.94315,                0.97275,                 0.7886,                0.74714,                0.46797,                0.92378,             0.00039759,             0.00039759,             0.00039759
                    104,                0.79411,                0.52109,                0.95149,                0.93799,                0.95564,                0.97305,                0.79573,                 0.7291,                0.45197,                 0.9122,             0.00039494,             0.00039494,             0.00039494
                    105,                0.78302,                0.51743,                0.93907,                0.94044,                0.95332,                 0.9747,                0.80201,                0.74551,                0.46851,                0.92492,              0.0003923,              0.0003923,              0.0003923
                    106,                0.77755,                0.50362,                0.94185,                0.93389,                0.96087,                0.97382,                0.79593,                0.74369,                0.44902,                0.92046,             0.00038966,             0.00038966,             0.00038966
                    107,                0.78312,                0.50767,                0.93267,                0.94959,                0.95751,                0.97464,                0.79145,                0.75916,                0.44294,                0.92539,             0.00038702,             0.00038702,             0.00038702
                    108,                0.77726,                0.50682,                0.93552,                0.92308,                0.94793,                0.97009,                0.79159,                0.74475,                0.45485,                0.92146,             0.00038438,             0.00038438,             0.00038438
                    109,                0.75465,                0.49238,                0.93045,                0.93156,                 0.9369,                0.95686,                0.78311,                0.78075,                0.44905,                 0.9454,             0.00038174,             0.00038174,             0.00038174
                    110,                0.76578,                0.50495,                 0.9385,                0.92348,                0.95294,                0.97103,                0.79404,                0.75486,                0.46364,                0.92031,              0.0003791,              0.0003791,              0.0003791
                    111,                0.76256,                0.50325,                0.94508,                0.90609,                0.93527,                0.96366,                0.78521,                0.76498,                 0.4767,                0.93095,             0.00037645,             0.00037645,             0.00037645
                    112,                0.77279,                0.51777,                0.93862,                0.93629,                0.96204,                  0.976,                0.80218,                0.74488,                0.45665,                0.92771,             0.00037381,             0.00037381,             0.00037381
                    113,                0.77627,                0.50311,                0.93554,                0.91493,                0.93799,                0.96001,                0.79279,                0.75234,                0.46753,                0.92485,             0.00037117,             0.00037117,             0.00037117
                    114,                0.77974,                0.50914,                0.94153,                0.89675,                0.94462,                0.97135,                0.79699,                0.73999,                0.46264,                0.92704,             0.00036853,             0.00036853,             0.00036853
                    115,                0.78509,                 0.5026,                0.94339,                0.90616,                0.95501,                0.97566,                0.79465,                0.75277,                0.47015,                0.92409,             0.00036589,             0.00036589,             0.00036589
                    116,                0.76134,                0.49658,                0.93684,                0.92307,                 0.9487,                0.96485,                0.78529,                0.75903,                0.46004,                0.93083,             0.00036325,             0.00036325,             0.00036325
                    117,                0.75472,                0.49066,                 0.9244,                0.93915,                 0.9479,                0.97538,                 0.7981,                0.75197,                0.44729,                0.92061,             0.00036061,             0.00036061,             0.00036061
                    118,                0.76862,                0.49208,                0.93872,                0.93724,                0.92559,                0.95702,                0.78485,                0.76326,                0.46108,                0.93249,             0.00035797,             0.00035797,             0.00035797
                    119,                0.77162,                0.48722,                0.93894,                0.91394,                0.95671,                0.97173,                0.80291,                0.73014,                0.44281,                0.91639,             0.00035532,             0.00035532,             0.00035532
                    120,                0.75355,                0.49637,                0.93014,                 0.9429,                0.95489,                0.97738,                0.80169,                0.72683,                0.44074,                0.91507,             0.00035268,             0.00035268,             0.00035268
                    121,                0.80362,                0.51595,                0.94653,                0.94293,                0.93683,                0.96847,                0.80241,                0.75157,                0.46386,                0.92104,             0.00035004,             0.00035004,             0.00035004
                    122,                0.76269,                0.51095,                0.94143,                0.92785,                0.95437,                0.97603,                0.80129,                0.74068,                 0.4436,                0.91591,              0.0003474,              0.0003474,              0.0003474
                    123,                0.78218,                0.50151,                0.94317,                0.93009,                0.94722,                0.97166,                0.79574,                 0.7476,                0.44777,                0.92373,             0.00034476,             0.00034476,             0.00034476
                    124,                0.76127,                0.48597,                0.93095,                0.91861,                0.94428,                0.97385,                0.80071,                0.73646,                 0.4444,                0.91718,             0.00034212,             0.00034212,             0.00034212
                    125,                 0.7893,                0.50531,                  0.941,                0.95109,                0.94037,                0.97429,                0.79979,                0.75004,                0.43504,                0.92706,             0.00033948,             0.00033948,             0.00033948
                    126,                0.72696,                0.46272,                0.91728,                0.95406,                 0.9576,                0.97764,                0.80289,                0.75091,                0.43191,                0.92166,             0.00033683,             0.00033683,             0.00033683
                    127,                0.74254,                0.48664,                0.92817,                0.93602,                0.94081,                0.96878,                0.79024,                0.77486,                0.44088,                0.93569,             0.00033419,             0.00033419,             0.00033419
                    128,                0.74055,                0.47973,                0.92222,                0.93476,                0.95064,                0.96994,                0.79311,                0.76176,                0.44929,                0.92482,             0.00033155,             0.00033155,             0.00033155
                    129,                 0.7441,                0.47243,                0.92787,                0.91481,                0.93623,                0.96923,                0.79325,                0.74435,                0.44681,                0.92588,             0.00032891,             0.00032891,             0.00032891
                    130,                0.73952,                 0.4763,                0.92775,                 0.9409,                0.95858,                0.97692,                0.79817,                 0.7607,                0.43623,                0.92305,             0.00032627,             0.00032627,             0.00032627
                    131,                0.76111,                0.50544,                0.94097,                0.93533,                0.94964,                0.97411,                 0.7897,                0.73577,                0.44772,                0.92095,             0.00032363,             0.00032363,             0.00032363
                    132,                0.75887,                0.49244,                0.93282,                0.94071,                0.95125,                0.97526,                0.80007,                0.74766,                0.43167,                0.91843,             0.00032099,             0.00032099,             0.00032099
                    133,                0.75595,                0.48415,                0.93281,                0.92972,                0.94419,                0.96277,                0.79541,                0.71825,                0.44845,                0.91359,             0.00031835,             0.00031835,             0.00031835
                    134,                0.73521,                0.48305,                0.91905,                0.91615,                0.94746,                0.97024,                0.80384,                0.72283,                0.44069,                0.91732,              0.0003157,              0.0003157,              0.0003157
                    135,                0.75628,                0.48202,                0.92967,                0.92736,                0.94214,                0.96381,                0.79431,                0.75601,                0.44289,                0.92417,             0.00031306,             0.00031306,             0.00031306
                    136,                0.72531,                0.47488,                0.91581,                0.93447,                0.95739,                0.97497,                0.80445,                0.72846,                 0.4399,                0.91609,             0.00031042,             0.00031042,             0.00031042
                    137,                0.75804,                0.49234,                 0.9329,                0.89567,                 0.9369,                0.95701,                0.79186,                0.75181,                0.43664,                0.92707,             0.00030778,             0.00030778,             0.00030778
                    138,                0.74974,                 0.4897,                0.93482,                0.92569,                0.94845,                0.97227,                0.79284,                0.74874,                0.43366,                0.92227,             0.00030514,             0.00030514,             0.00030514
                    139,                0.73573,                0.47099,                0.92793,                0.91459,                0.91802,                0.95622,                 0.7911,                0.74897,                0.43883,                0.93136,              0.0003025,              0.0003025,              0.0003025
                    140,                0.76628,                0.47659,                0.93275,                0.92037,                0.93853,                 0.9595,                0.79945,                0.75549,                0.44107,                0.92984,             0.00029986,             0.00029986,             0.00029986
                    141,                 0.7235,                0.47228,                0.91782,                 0.9369,                 0.9538,                0.96915,                0.80272,                0.71544,                0.43211,                0.91627,             0.00029722,             0.00029722,             0.00029722
                    142,                0.73048,                0.46061,                0.91885,                0.91741,                0.94164,                0.97317,                0.80607,                0.71942,                0.42854,                0.91063,             0.00029457,             0.00029457,             0.00029457
                    143,                0.72809,                0.46623,                0.92933,                 0.9302,                0.94602,                0.96761,                0.80796,                0.73862,                0.44037,                 0.9187,             0.00029193,             0.00029193,             0.00029193
                    144,                0.69543,                0.44235,                 0.9104,                0.91521,                 0.9522,                0.96881,                0.80182,                0.72614,                0.43736,                 0.9121,             0.00028929,             0.00028929,             0.00028929
                    145,                0.72875,                0.47018,                0.92503,                0.92747,                0.94977,                0.97403,                  0.811,                0.72567,                0.41546,                0.91322,             0.00028665,             0.00028665,             0.00028665
                    146,                0.72712,                0.46295,                 0.9191,                0.95227,                0.95693,                  0.975,                0.80166,                 0.7641,                0.42904,                0.91772,             0.00028401,             0.00028401,             0.00028401
                    147,                0.75012,                0.47931,                0.92999,                0.93221,                0.95287,                0.97582,                0.80302,                0.75024,                0.42051,                0.91317,             0.00028137,             0.00028137,             0.00028137
                    148,                0.70045,                0.45459,                0.91302,                0.93551,                0.94953,                0.97344,                0.80532,                0.73268,                0.40833,                0.91343,             0.00027873,             0.00027873,             0.00027873
                    149,                0.69854,                0.45551,                0.90696,                0.93137,                0.95072,                 0.9682,                0.80202,                0.73279,                0.42061,                0.92098,             0.00027608,             0.00027608,             0.00027608
                    150,                0.70326,                0.45066,                0.91676,                0.92536,                0.95056,                0.96991,                0.79652,                0.74213,                0.42709,                0.91963,             0.00027344,             0.00027344,             0.00027344
                    151,                0.72449,                0.44799,                0.92108,                0.93947,                0.93615,                0.96547,                0.80244,                0.74012,                0.42194,                0.92024,              0.0002708,              0.0002708,              0.0002708
                    152,                0.73037,                 0.4775,                0.92475,                0.93542,                0.94991,                0.96937,                0.80194,                0.73231,                0.42573,                0.91092,             0.00026816,             0.00026816,             0.00026816
                    153,                 0.7194,                0.45632,                0.92583,                0.95538,                0.94506,                0.97067,                0.80602,                0.72487,                0.40963,                0.91479,             0.00026552,             0.00026552,             0.00026552
                    154,                0.72542,                0.45103,                0.92386,                0.92578,                0.93283,                0.96633,                0.79167,                0.75113,                0.42824,                0.92493,             0.00026288,             0.00026288,             0.00026288
                    155,                0.72795,                0.46663,                0.92943,                0.93606,                0.96109,                0.97503,                0.80198,                 0.7471,                0.42439,                0.91633,             0.00026024,             0.00026024,             0.00026024
                    156,                 0.6949,                0.44045,                0.90697,                0.94416,                0.95484,                0.97333,                0.80345,                0.74384,                0.42149,                0.91883,              0.0002576,              0.0002576,              0.0002576
                    157,                0.72956,                0.46418,                0.92554,                0.92341,                0.95883,                0.97126,                0.79739,                0.73694,                0.41867,                0.91727,             0.00025495,             0.00025495,             0.00025495
                    158,                0.72878,                0.46101,                0.92704,                0.92711,                0.94763,                0.97111,                0.80538,                  0.727,                0.41546,                0.91225,             0.00025231,             0.00025231,             0.00025231
                    159,                0.71594,                0.45407,                0.91615,                0.93159,                0.94041,                0.96539,                0.79804,                0.73837,                0.42583,                0.91719,             0.00024967,             0.00024967,             0.00024967
                    160,                 0.7131,                0.44669,                0.91514,                0.94884,                0.95719,                0.97166,                0.79963,                0.74033,                0.40943,                0.91698,             0.00024703,             0.00024703,             0.00024703
                    161,                0.71768,                0.44918,                0.92402,                0.93087,                0.94144,                0.96289,                0.79737,                0.73509,                0.42369,                0.91941,             0.00024439,             0.00024439,             0.00024439
                    162,                0.71287,                0.45082,                0.91678,                0.93551,                0.95975,                0.97239,                0.79969,                0.74036,                0.40665,                0.91835,             0.00024175,             0.00024175,             0.00024175
                    163,                0.70407,                0.44427,                0.92215,                 0.9265,                0.94131,                0.96819,                0.79867,                 0.7324,                0.42116,                0.91241,             0.00023911,             0.00023911,             0.00023911
                    164,                0.71205,                0.44498,                0.91789,                0.92993,                0.93635,                0.96244,                0.80622,                0.73298,                0.40913,                0.92022,             0.00023646,             0.00023646,             0.00023646
                    165,                0.70332,                0.44111,                0.91776,                 0.9322,                0.95159,                0.96623,                0.80414,                0.73815,                0.41353,                0.91175,             0.00023382,             0.00023382,             0.00023382
                    166,                0.67899,                0.42798,                0.90281,                0.95163,                0.94554,                0.97373,                0.80643,                0.72121,                0.39808,                0.91123,             0.00023118,             0.00023118,             0.00023118
                    167,                 0.7063,                0.45093,                0.91638,                0.91656,                0.94199,                 0.9603,                0.79278,                0.73368,                0.40738,                0.91692,             0.00022854,             0.00022854,             0.00022854
                    168,                0.69507,                0.44371,                0.91122,                0.94651,                0.95932,                0.97366,                0.81035,                 0.7477,                0.40107,                0.91554,              0.0002259,              0.0002259,              0.0002259
                    169,                0.68789,                0.43556,                0.90411,                0.94864,                0.95647,                0.97297,                0.81134,                0.72579,                0.39625,                0.91212,             0.00022326,             0.00022326,             0.00022326
                    170,                0.70691,                0.45384,                0.92085,                0.92951,                0.94953,                0.96928,                0.81224,                0.72485,                0.40456,                0.91373,             0.00022062,             0.00022062,             0.00022062
                    171,                0.66545,                0.42345,                0.90019,                 0.9569,                0.95648,                0.97744,                0.81624,                0.71881,                0.39457,                0.90938,             0.00021798,             0.00021798,             0.00021798
                    172,                0.68122,                0.42626,                0.90427,                0.94787,                0.94264,                0.97027,                0.80736,                0.73557,                0.40387,                0.92439,             0.00021533,             0.00021533,             0.00021533
                    173,                 0.7018,                0.44152,                0.90773,                0.92564,                0.94835,                0.97162,                0.81572,                0.72964,                0.39884,                0.91677,             0.00021269,             0.00021269,             0.00021269
                    174,                0.69507,                0.43811,                0.90637,                0.91859,                0.93684,                0.96856,                0.80884,                0.73146,                0.40536,                0.91656,             0.00021005,             0.00021005,             0.00021005
                    175,                0.68588,                0.44552,                0.91372,                0.94759,                 0.9322,                0.97512,                0.80717,                 0.7444,                0.40721,                0.92135,             0.00020741,             0.00020741,             0.00020741
                    176,                0.68879,                0.44063,                0.91425,                 0.9424,                0.95371,                0.97499,                0.81026,                0.71658,                0.39659,                0.90893,             0.00020477,             0.00020477,             0.00020477
                    177,                0.67148,                0.43879,                0.91266,                 0.9324,                0.93705,                0.97185,                0.80747,                0.73221,                0.40428,                0.91774,             0.00020213,             0.00020213,             0.00020213
                    178,                0.67306,                0.41938,                0.91131,                0.93961,                0.94245,                0.96689,                 0.8058,                0.73854,                0.40175,                0.91371,             0.00019949,             0.00019949,             0.00019949
                    179,                0.68457,                0.42693,                0.90147,                0.95037,                0.96248,                0.97226,                0.79668,                0.74321,                0.40419,                0.91036,             0.00019685,             0.00019685,             0.00019685
                    180,                0.67621,                0.43075,                0.90492,                0.92665,                0.95999,                0.97627,                0.80737,                0.71166,                0.40229,                0.91099,              0.0001942,              0.0001942,              0.0001942
                    181,                0.69289,                 0.4348,                0.90729,                0.93904,                0.96052,                0.97578,                0.80307,                 0.7522,                0.40157,                0.91455,             0.00019156,             0.00019156,             0.00019156
                    182,                0.68493,                0.43156,                0.91082,                0.89615,                0.94168,                0.96188,                0.80315,                0.72609,                 0.4087,                0.91354,             0.00018892,             0.00018892,             0.00018892
                    183,                0.66732,                0.41752,                0.90621,                0.93681,                0.94742,                0.96625,                 0.7998,                0.73936,                0.39728,                0.91408,             0.00018628,             0.00018628,             0.00018628
                    184,                0.66259,                0.41945,                0.89559,                0.92414,                 0.9514,                0.96633,                0.81131,                0.72266,                0.39907,                0.91431,             0.00018364,             0.00018364,             0.00018364
                    185,                0.68571,                0.43321,                0.90167,                0.93591,                0.94067,                0.96822,                0.80279,                0.75468,                0.40326,                0.91736,               0.000181,               0.000181,               0.000181
                    186,                0.68762,                0.43039,                0.91415,                0.93233,                0.94861,                0.97519,                0.81517,                0.71563,                0.40364,                0.91089,             0.00017836,             0.00017836,             0.00017836
                    187,                0.67456,                0.42859,                0.91288,                0.93027,                 0.9484,                0.97385,                0.81287,                0.71507,                0.39882,                0.90983,             0.00017571,             0.00017571,             0.00017571
                    188,                0.69624,                0.43012,                0.91152,                 0.9181,                0.95987,                0.97542,                0.79872,                 0.7353,                0.40949,                0.91511,             0.00017307,             0.00017307,             0.00017307
                    189,                0.67354,                0.41513,                 0.9014,                0.92067,                0.93874,                0.96742,                0.80466,                0.72541,                0.41056,                0.91823,             0.00017043,             0.00017043,             0.00017043
                    190,                0.66311,                0.41789,                0.90564,                0.94568,                0.94809,                0.97538,                0.80791,                0.71312,                 0.3941,                0.90878,             0.00016779,             0.00016779,             0.00016779
                    191,                0.66717,                0.41751,                0.89783,                 0.9403,                0.96142,                0.97785,                0.80897,                0.71792,                0.39059,                0.90866,             0.00016515,             0.00016515,             0.00016515
                    192,                0.67121,                 0.4128,                0.89818,                0.93176,                0.94905,                0.97821,                0.80769,                 0.7297,                0.38649,                0.91409,             0.00016251,             0.00016251,             0.00016251
                    193,                0.65933,                0.41054,                0.90046,                0.92495,                0.95741,                0.97249,                0.81113,                0.72507,                 0.3992,                0.91415,             0.00015987,             0.00015987,             0.00015987
                    194,                0.65737,                0.41001,                 0.9042,                0.93306,                0.94161,                0.96926,                0.80114,                0.73337,                0.39576,                0.92167,             0.00015723,             0.00015723,             0.00015723
                    195,                0.66114,                0.41319,                0.89872,                0.92246,                0.95679,                0.97582,                 0.8098,                0.72224,                0.39476,                0.91361,             0.00015458,             0.00015458,             0.00015458
                    196,                0.66878,                0.42629,                0.90338,                0.91352,                0.94162,                0.96423,                0.79916,                0.73815,                0.39497,                0.92427,             0.00015194,             0.00015194,             0.00015194
                    197,                0.64874,                0.40747,                0.89909,                0.94215,                0.93766,                0.96491,                0.80556,                0.71889,                0.38897,                0.91988,              0.0001493,              0.0001493,              0.0001493
                    198,                0.68788,                 0.4324,                0.91323,                0.94413,                0.95075,                0.97751,                0.80605,                0.72901,                0.38789,                 0.9168,             0.00014666,             0.00014666,             0.00014666
                    199,                0.64985,                0.40431,                0.89376,                0.94245,                0.94959,                0.97792,                0.80996,                0.71686,                0.38638,                0.91267,             0.00014402,             0.00014402,             0.00014402
                    200,                0.65593,                0.41146,                0.89171,                0.95233,                0.96151,                0.97889,                0.81946,                0.70835,                0.37557,                0.90764,             0.00014138,             0.00014138,             0.00014138
                    201,                0.62908,                0.38973,                0.88977,                0.94134,                0.95982,                0.97726,                0.81053,                0.71371,                0.37863,                0.91433,             0.00013874,             0.00013874,             0.00013874
                    202,                0.64625,                0.40836,                0.89797,                0.92416,                0.95721,                0.97587,                0.80834,                0.72331,                   0.39,                0.91156,             0.00013609,             0.00013609,             0.00013609
                    203,                0.65418,                0.41095,                0.90155,                0.91938,                0.95449,                0.97658,                0.80875,                0.70833,                0.38937,                0.91008,             0.00013345,             0.00013345,             0.00013345
                    204,                0.64262,                0.40337,                0.89388,                0.95048,                0.93165,                0.97574,                0.81034,                 0.7172,                0.39433,                0.91527,             0.00013081,             0.00013081,             0.00013081
                    205,                 0.6611,                0.41425,                0.89716,                0.93702,                0.95298,                0.97313,                0.80458,                0.74884,                0.40047,                0.91683,             0.00012817,             0.00012817,             0.00012817
                    206,                 0.6455,                0.40443,                0.89606,                0.93379,                 0.9474,                0.97192,                0.80089,                0.73125,                0.39413,                0.91776,             0.00012553,             0.00012553,             0.00012553
                    207,                0.64769,                0.39801,                0.89321,                0.94274,                0.93941,                0.96823,                0.79725,                0.74327,                 0.3884,                0.92403,             0.00012289,             0.00012289,             0.00012289
                    208,                0.63865,                0.39648,                0.88945,                0.93349,                0.94985,                0.96907,                0.79944,                0.73433,                 0.4004,                0.91886,             0.00012025,             0.00012025,             0.00012025
                    209,                0.64831,                0.39302,                0.89781,                0.92956,                0.95194,                0.97271,                 0.8024,                0.74238,                0.39878,                0.91792,             0.00011761,             0.00011761,             0.00011761
                    210,                0.63231,                0.39003,                0.89272,                0.93459,                0.96568,                 0.9738,                0.81262,                 0.7295,                0.38204,                0.91447,             0.00011496,             0.00011496,             0.00011496
                    211,                 0.6492,                0.40362,                 0.8951,                0.92734,                0.94683,                0.97261,                0.80455,                0.72633,                0.39117,                0.91472,             0.00011232,             0.00011232,             0.00011232
                    212,                0.64761,                0.40623,                0.89988,                0.92798,                0.95568,                0.97605,                0.80924,                0.72946,                0.38259,                  0.913,             0.00010968,             0.00010968,             0.00010968
                    213,                0.64465,                0.39425,                0.89661,                0.92163,                0.95467,                0.97089,                0.80347,                0.72276,                0.38468,                0.91078,             0.00010704,             0.00010704,             0.00010704
                    214,                0.63564,                0.40035,                 0.9053,                0.93785,                0.95661,                0.97381,                0.80524,                0.72058,                0.39225,                0.91339,              0.0001044,              0.0001044,              0.0001044
                    215,                0.64035,                0.40024,                0.89734,                0.92685,                0.95511,                0.97377,                0.80485,                0.72451,                0.39145,                0.91337,             0.00010176,             0.00010176,             0.00010176
                    216,                0.64771,                 0.4105,                0.89676,                0.92101,                0.95748,                0.97239,                0.80007,                 0.7312,                0.38937,                0.91155,             9.9116e-05,             9.9116e-05,             9.9116e-05
                    217,                0.64219,                0.39502,                0.90075,                0.92881,                 0.9465,                0.97188,                0.80423,                0.72574,                0.38898,                0.91516,             9.6475e-05,             9.6475e-05,             9.6475e-05
                    218,                0.65584,                0.40928,                0.90138,                0.92873,                0.95679,                0.97113,                0.80753,                0.71501,                0.37653,                0.91301,             9.3834e-05,             9.3834e-05,             9.3834e-05
                    219,                0.61588,                0.38123,                0.88508,                0.93719,                0.95282,                 0.9735,                 0.8035,                0.72506,                0.38366,                0.91251,             9.1192e-05,             9.1192e-05,             9.1192e-05
                    220,                0.63414,                0.39978,                0.88655,                0.95095,                0.92209,                0.96958,                0.80145,                0.72322,                0.38763,                0.91579,             8.8551e-05,             8.8551e-05,             8.8551e-05
                    221,                0.62598,                0.38941,                0.89992,                0.93332,                0.94277,                0.97157,                 0.8074,                0.72086,                0.38748,                0.91371,              8.591e-05,              8.591e-05,              8.591e-05
                    222,                0.64152,                0.39361,                0.89472,                0.94579,                0.95164,                 0.9726,                0.79972,                0.72869,                0.38659,                0.91292,             8.3268e-05,             8.3268e-05,             8.3268e-05
                    223,                0.62816,                0.39562,                0.89813,                0.93956,                0.94759,                0.97451,                0.80693,                0.71716,                0.38277,                 0.9147,             8.0627e-05,             8.0627e-05,             8.0627e-05
                    224,                0.61995,                 0.3892,                0.89034,                0.93861,                0.95624,                0.97526,                0.80714,                0.71601,                0.37756,                0.91048,             7.7986e-05,             7.7986e-05,             7.7986e-05
                    225,                0.62522,                0.39628,                0.88839,                0.91655,                0.95143,                0.96889,                0.80852,                0.71614,                0.37886,                0.90785,             7.5344e-05,             7.5344e-05,             7.5344e-05
                    226,                0.63154,                0.39375,                0.90071,                0.92527,                0.95303,                0.97421,                0.80754,                0.71698,                0.38195,                0.91038,             7.2703e-05,             7.2703e-05,             7.2703e-05
                    227,                0.62209,                0.38677,                 0.8923,                0.92132,                0.95889,                0.97498,                0.81211,                0.71419,                 0.3767,                0.90986,             7.0062e-05,             7.0062e-05,             7.0062e-05
                    228,                  0.617,                0.37855,                0.88501,                0.91366,                0.95831,                0.97407,                0.80615,                 0.7275,                0.37925,                0.91337,              6.742e-05,              6.742e-05,              6.742e-05
                    229,                0.61354,                0.37546,                0.88154,                0.93471,                0.95094,                0.97368,                0.80318,                0.72802,                0.38079,                0.91571,             6.4779e-05,             6.4779e-05,             6.4779e-05
                    230,                0.61687,                0.38829,                0.88699,                0.92351,                0.94072,                0.97345,                0.81068,                0.71879,                0.37949,                0.91179,             6.2138e-05,             6.2138e-05,             6.2138e-05
                    231,                 0.6062,                0.37865,                0.88732,                0.93849,                0.93167,                 0.9687,                0.80256,                0.73258,                0.37692,                0.91552,             5.9496e-05,             5.9496e-05,             5.9496e-05
                    232,                0.61833,                0.37759,                0.89234,                0.93652,                0.95393,                 0.9743,                0.80982,                 0.7227,                0.37838,                0.91074,             5.6855e-05,             5.6855e-05,             5.6855e-05
                    233,                0.62515,                0.39433,                0.88635,                0.93089,                0.95794,                  0.974,                0.80491,                0.71469,                0.37439,                 0.9113,             5.4214e-05,             5.4214e-05,             5.4214e-05
                    234,                0.60617,                0.38718,                0.88988,                0.93042,                0.95738,                0.97564,                0.80186,                 0.7228,                 0.3731,                0.91623,             5.1572e-05,             5.1572e-05,             5.1572e-05
                    235,                0.62211,                0.39057,                0.89838,                0.92807,                0.95573,                 0.9755,                0.80768,                0.71324,                0.37393,                0.91239,             4.8931e-05,             4.8931e-05,             4.8931e-05
                    236,                0.60136,                0.37112,                0.88117,                0.94088,                0.95497,                0.97501,                0.80716,                0.72514,                0.37171,                0.91391,              4.629e-05,              4.629e-05,              4.629e-05
                    237,                0.60847,                0.37687,                0.88709,                0.93393,                0.95468,                0.97441,                 0.8038,                0.73713,                0.37266,                0.91832,             4.3648e-05,             4.3648e-05,             4.3648e-05
                    238,                0.62395,                0.39294,                0.89992,                0.93936,                0.94383,                0.97437,                0.80785,                0.72757,                0.37013,                0.91502,             4.1007e-05,             4.1007e-05,             4.1007e-05
                    239,                0.60828,                0.38104,                 0.8895,                0.93716,                0.95543,                0.97574,                0.81075,                0.71657,                0.36497,                0.91213,             3.8366e-05,             3.8366e-05,             3.8366e-05
                    240,                0.61069,                0.37485,                0.88294,                  0.936,                0.96048,                0.97465,                0.80846,                0.71891,                0.36594,                0.91271,             3.5725e-05,             3.5725e-05,             3.5725e-05
                    241,                0.61931,                 0.3839,                0.89224,                0.94162,                0.95626,                0.97456,                0.80394,                0.72368,                0.37135,                0.91479,             3.3083e-05,             3.3083e-05,             3.3083e-05
                    242,                0.60181,                0.37094,                0.88097,                 0.9249,                0.96068,                0.97373,                0.80761,                0.71993,                 0.3727,                0.91401,             3.0442e-05,             3.0442e-05,             3.0442e-05
                    243,                0.61356,                0.37873,                 0.8907,                0.93291,                0.95465,                0.97336,                0.80644,                0.72051,                0.37408,                 0.9144,             2.7801e-05,             2.7801e-05,             2.7801e-05
                    244,                0.60686,                0.36922,                0.89096,                 0.9316,                0.96126,                0.97378,                0.80938,                0.71958,                0.37106,                0.91301,             2.5159e-05,             2.5159e-05,             2.5159e-05
                    245,                0.59065,                0.36609,                0.88023,                0.92917,                 0.9556,                0.97335,                0.80854,                0.72069,                 0.3692,                0.91377,             2.2518e-05,             2.2518e-05,             2.2518e-05
                    246,                0.60222,                0.36831,                0.87733,                0.92976,                0.94656,                0.97294,                 0.8033,                0.72253,                0.37324,                0.91447,             1.9877e-05,             1.9877e-05,             1.9877e-05
                    247,                0.59761,                0.37072,                0.89359,                 0.9333,                0.95122,                 0.9737,                0.80566,                0.72479,                0.37681,                0.91479,             1.7235e-05,             1.7235e-05,             1.7235e-05
                    248,                0.60479,                0.37286,                0.88395,                0.93719,                0.95667,                0.97394,                0.80598,                0.73157,                0.37266,                0.91632,             1.4594e-05,             1.4594e-05,             1.4594e-05
                    249,                0.59919,                0.37611,                  0.877,                0.93437,                0.95291,                0.97433,                0.80987,                0.71886,                0.37012,                0.91307,             1.1953e-05,             1.1953e-05,             1.1953e-05
